amfi_code,tracking_error,scheme_name
120038,0.23203751116951127,DSP Mid Cap Fund 38
120025,0.2339202077242398,Kotak Large Cap Fund 25
120024,0.2326155521460845,Axis Flexi Cap Fund 24
120001,0.2404770220768359,SBI Large Cap Fund 1
120032,0.24026368371156698,HDFC Flexi Cap Fund 32
